Number_Inserted,Time_Taken
50000, 8.008000
100000, 25.541000
150000, 55.798000
200000, 160.567000
250000, 311.420000
300000, 31117.826000
